class,cap-shape,cap-surface,cap-color,bruises,odor,gill-attachment,gill-spacing,gill-size,gill-color,stalk-shape,stalk-root,stalk-surface-above-ring,stalk-surface-below-ring,stalk-color-above-ring,stalk-color-below-ring,veil-type,veil-color,ring-number,ring-type,spore-print-color,population,habitat
e,x,s,n,t,a,f,c,b,k,e,b,s,s,w,w,p,w,o,p,k,s,u
e,x,y,y,t,l,f,c,b,n,e,b,s,s,w,w,p,w,o,p,n,n,g
p,b,s,w,t,p,f,c,n,n,e,e,s,s,w,w,p,w,o,p,k,v,g
e,f,f,g,f,n,f,w,b,k,t,b,f,f,w,w,p,w,o,e,n,a,d
p,k,y,e,f,f,f,c,n,b,t,?,k,k,p,p,p,w,o,l,h,y,m
e,x,s,y,t,a,f,c,b,g,e,b,s,s,w,w,p,w,o,p,k,s,g
p,x,y,w,f,f,f,w,n,h,t,b,k,k,p,p,p,w,o,l,r,v,d
e,s,f,n,t,n,f,c,b,k,e,b,s,s,w,w,p,w,o,p,n,n,u
p,f,y,g,f,c,f,c,n,p,t,e,k,k,p,p,p,w,o,l,w,v,m
e,x,s,n,t,a,f,c,b,k,e,b,s,s,w,w,p,w,o,p,k,s,u
p,k,s,e,f,s,f,w,n,u,t,?,k,k,p,p,p,w,o,l,h,y,l
e,b,f,w,t,n,f,c,b,w,e,b,s,s,w,w,p,w,o,p,n,v,g
e,x,s,n,t,a,f,c,b,k,e,b,s,s,w,w,p,w,o,p,k,s,u
p,x,y,y,f,f,f,w,n,b,t,e,k,k,p,p,p,w,o,l,r,v,d
e,f,s,g,t,l,f,c,b,n,e,b,s,s,w,w,p,w,o,p,n,a,d
e,k,y,n,f,?,f,c,b,k,e,b,s,s,w,w,p,w,o,p,k,s,g
p,b,s,y,f,p,f,c,n,n,t,e,k,k,p,p,p,w,o,l,h,v,m
e,s,y,w,t,a,f,w,b,g,e,b,s,s,w,w,p,w,o,p,n,n,u